{
  "expert_params": 2457600,
  "attention_params_per_layer": 6553600,
  "active_params": 475136000,
  "engram_rows_per_head_order_site": 119918,
  "engram_params": 983038976,
  "freed_routed_expert_params": 983040000,
  "sparse_budget_to_engram_frac": 0.2247188670411985,
  "arm_a_non_embedding_params": 4505600000,
  "arm_b_non_embedding_params": 4505598976,
  "iso_param_abs_delta": 1024,
  "arm_a_flops_per_token": 3388211200,
  "arm_b_flops_per_token": 3389553152,
  "iso_flop_abs_delta": 1341952,
  "iso_flop_rel_delta": 0.0003960650386847195,
  "iso_active_param_abs_delta": 0,
  "tokens_per_step_128gpu": 6291456,
  "max_steps_200b_128gpu": 31789,
  "tokens_per_step_80gpu": 17039360,
  "max_steps_200b_80gpu": 11737
}