layer,tokens,alpha_mean,alpha_std,alpha_gt_0_5_frac,hidden_rms,mem_rms,contribution_rms,contribution_hidden_rms_ratio
2,8192,1.0,0.0,1.0,7.062498055516879,0.007791930739926268,0.007791930739926268,0.001103282532423438
6,8192,0.9990513473749161,0.02386360838628199,0.9991455078125,12.694712125226898,0.04965964965063809,0.04954608978854088,0.003902891952160382
