layer,tokens,alpha_mean,alpha_std,alpha_gt_0_5_frac,hidden_rms,mem_rms,contribution_rms,contribution_hidden_rms_ratio
2,8192,1.0,0.0,1.0,5.714673266211357,0.007448855919158199,0.007448855919158199,0.0013034613830331106
6,8192,0.9994477778673172,0.0030457342897599097,1.0,7.10376023130202,0.05916600919090127,0.05893969217053411,0.008296970935311437
