layer,tokens,alpha_mean,alpha_std,alpha_gt_0_5_frac,hidden_rms,mem_rms,contribution_rms,contribution_hidden_rms_ratio
2,8192,0.9999844580888748,0.0005176672198312684,1.0,7.355541875134385,0.007901033907542111,0.007898373938789593,0.001073799058297835
6,8192,0.9969046264886856,0.04370662844328754,0.997314453125,12.453837980491635,0.04332693052433751,0.04245581514401721,0.003409054719558926
