layer,tokens,alpha_mean,alpha_std,alpha_gt_0_5_frac,hidden_rms,mem_rms,contribution_rms,contribution_hidden_rms_ratio
2,8192,0.9970409572124481,0.015333993968993915,1.0,4.796816111647388,0.017793130248411948,0.01732038784032222,0.003610809219529122
6,8192,0.9973815679550171,0.009772404507916471,1.0,6.222069303964706,0.07697355209851425,0.07587331802822879,0.01219422579878406
