seed,arm,mean_earliest_layer,median_earliest_layer,resolved_by_layer_18,resolved_by_layer_19,positions
1337,A,16.455078125,19.0,0.49560546875,0.65087890625,2048
1337,B,16.4541015625,18.0,0.5029296875,0.66455078125,2048
1337,A_minus_B,0.0009765625,1.0,-0.00732421875,-0.013671875,2048
2024,A,17.09375,19.0,0.4619140625,0.6142578125,2048
2024,B,17.0654296875,19.0,0.45654296875,0.61572265625,2048
2024,A_minus_B,0.0283203125,0.0,0.00537109375,-0.00146484375,2048
