checkpoint,layer,alpha_mean,alpha_std,mem_rms,contribution_rms,contribution_hidden_rms_ratio,final_hidden_delta_rms,last_logit_abs_delta_mean,tokens
b0959,2,1.0,0.0,0.007791930739926268,0.007791930739926268,0.001103282532423438,0.04130070280680797,0.05060341739654541,8192
b0959,6,0.9990513473749161,0.02386360838628199,0.04965964965063809,0.04954608978854088,0.003902891952160382,0.04130070280680797,0.05060341739654541,8192
b5027,2,1.0,0.0,0.007448855919158199,0.007448855919158199,0.0013034613830331106,0.07959893707096306,0.11967396545410157,8192
b5027,6,0.9994477778673172,0.0030457342897599097,0.05916600919090127,0.05893969217053411,0.008296970935311437,0.07959893707096306,0.11967396545410157,8192
