seed,metric,a_nll,b_nll,a_minus_b,tokens
1337,global_nll,2.9724469110369682,2.975272014737129,-0.0028251037001609802,32768
1337,repeat_ngram_nll,1.0834648131215134,1.107235637475696,-0.02377082435418254,6879
1337,entity_proxy_nll,4.471434750302485,4.45558679850638,0.015847951796104986,3448
